{
  "args": {}, 
  "headers": {
    "Accept": "text/html,application/xhtml+xml,application/xml;q=0.9,image/avif,image/webp,image/apng,*/*;q=0.8,application/signed-exchange;v=b3;q=0.9", 
    "Accept-Encoding": "gzip, deflate", 
    "Accept-Language": "en-US,en;q=0.9", 
    "Dnt": "1", 
    "Host": "httpbin.org", 
    "Upgrade-Insecure-Requests": "1", 
    "User-Agent": "Mozilla/5.0 (Windows NT 10.0; Win64; x64) AppleWebKit/537.36 (KHTML, like Gecko) Chrome/105.0.0.0 Safari/537.36", 
    "X-Amzn-Trace-Id": "Root=1-6325784c-4eaa1541389158e05589fccf"
  }, 
  "origin": "74.76.207.105", 
  "url": "http://httpbin.org/get"
}
